date,text
2022년 10월 21일, 10월 21일 기업분석    셀트리온   바이오시밀러  중심으로  돌아온  3분기  Analyst 김형수 knkhshanwhacom   RA 유영솔 youngsolyuhanwhacom   Buy 유지 목표주가유지    코로나 19 진단키트 사업을 셀트리온헬스케어에 넘김에 3 분기 셀트리온의  실적은  바이오시밀러를  중심으로  구성될  전망입니다
2022년 10월 21일,상반기 회손된 수익성이 개선되는 호실적의 3 분기를 예상합니다
2022년 10월 21일,현재 주가1020 상승여력 시가총액 발행주식수 52 최고가  최저가 90 일평균 거래대금 외국인 지분율  주주 구성 셀트리온홀딩스 외 74 인 국민연금공단 외 1 인 자사주 외 1 인   주가수익률 절대수익률  399  주     214   228 74 20 1개월 23  3개월 68  6개월  12개월 202  75  상대수익률KOSPI 40  03  259  62  단위 십억 원 원  배 2020 1849  2021 1912  719  892  518  757  971  579  2022E 2383  778  1004  2023E 2545  925  1158  666  749  3688  100  4119  518  4773  225  5370  364  955  144  555  00  171  481  70  282  04  160  359  57  238  04  163  319  49  205  04  164  재무정보 매출액 영업이익 EBITDA 지배주주순이익 EPS 순차입금 PER PBR EVEBITDA 배당수익률 ROE   주가 추이   바이오실러 중심으로 돌아온 3분기 셀트리온의  3분기  예상실적은  매출액    원YoY  469과  영업이익  원YoY 263 OPM 352을 전망한다
2022년 10월 21일,코로나19 진단키트  사업을  담당했던  Celltrion  USA  Inc의  지분을  셀트리온헬스케어에  8월  5일  전량  처분지분율  100  처분금액  176억  원함에  따라  상반기  동사의  수익성을  회손시켰던  진단키트  매출이  줄어상반기   3분기 155억 원들어 수익성이 회복되는 분기로 판단한다
2022년 10월 21일,3분기 셀트리온헬스케어향 단일판매공급계약 공시에 나타난 공급금액은    원으로  전분기  원  대비  108  감소했다
2022년 10월 21일,하지만  완제의약품DP  공정  등의  매출을  포함하면  바이오시밀러  매출액은    원으로  전분기  원  대비  33  늘어날  전망이다
2022년 10월 21일,미국과 유럽에서 시장점유율을 꾸준하게 확대하고 있는 램시마IV 매출이  원YoY 262으로 분기 매출 성장을 견인할 예정이다
2022년 10월 21일,바이오신약 개발을 위한 투자에 주목 동사는  9월  20일  미국의  바이오텍  에이비프로로부터  유방암을  적응증으로   이중항체 신약후보물질ABP102을 도입했다
2022년 10월 21일,이어  10월 17일  피노바이오라는  국내  바이오텍으로부터  링커페이로드  플랫폼  기술  실시  옵션  도입계약을  체결했다
2022년 10월 21일,현재까지  바이오시밀러  항암제  3종트룩시마  허쥬마  베그젤마을  연구개발한  경험을  바탕으로  항체항암제 개발을 시도하는 전략으로 판단된다
2022년 10월 21일,투자의견 Buy 목표주가 24만 유지 바이오시밀러  중심으로  3분기  호실적이  예상되는  동사에  대한  투자의견 Buy와 목표주가 24만 원을 유지한다
,제약바이오  2022 11 11 Company Update Analyst  선 경  02  seonkyoungleeibkscom      매수 유지  목표주가 현재가 1110  KOSPI 1110  시가총액 발행주식수 액면가 52주  최고가  최저가 60일 일평균거래대금 외국인 지분율 배당수익률 2022F  주주구성 SK 외 5 국민연금공단  주가상승률 상대기준 절대기준 1M 12 20 현재 매수  1431 494  투자의견 목표주가 EPS22 EPS23  SK바이오팜 주가추이             원         pt   5161십억원   주   500원         7십억원   65   00         6402   502    12M   17   32      6M 17 23 직전  변동  매수   1405   51                             SK바이오팜  3Q22 적자폭 축소 4Q23 흑전 기대   3분기 라틴아메리카 계약금 인식으로 적자폭 축소 SK바이오팜의    3분기  연결기준  잠정  매출액은  2709  YoY 663  QoQ  영업이익은  92억원적지  YoY  적지  QoQ을  기록하며  컨센서스 매출액  영업이익 을 상회하는 실적을 발표하였다
,미국 허리케인 영향   노동절로  인한  영업일수가  감소했음에   탁월한  약효로  Xcopri의 매출은  견조하게  성장  1382  YoY  176  QoQ하였다
,분기 호실적의  주요  요인은  1  라틴아메리카  지역  기술이전에  따른  계약금  의 유입과  2  DPAPI  매출  증가다
,비용  인식이  없는  계약금의  유입에도  원가율이 개선되지  않은   1  원가율이  높은  DPAPI의  비중  증가와  2  환율 인플레이션에 따른 매출원가 상승 때문이다
,Xcopri의 견조한 성장 23년 4분기 흑자전환 기대 3분기  잠정  실적을  고려하여  매출액과  영업이익을  상향  조정  22년  연결기준 매출액은  기존  에서  으로  영업이익은  기존  에서  으로  전망한다
,TV  광고는  삶의  질  개선이  중요한  뇌전증  환자와  일반의  대상으로  Xcopri  효과에 대한  홍보를  극대화함으로써  중장기적으로  Xcopri  매출  성장에  긍정적인  요소로 작용할   있다
,23년  일회성  비용  증가   인플레이션  영향에  따른  원가  상승으로 23년  3분기까지  적자는  지속되겠지만  견조한  Xcopri의  매출  성장에  4분기에는 흑자전환이 기대된다
,투자의견 매수 유지 목표주가  유지 SK바이오팜에 대한 투자의견은 매수 유지 목표주가는 을 유지한다
,적자지속으로 동사에 대한 투자심리는 약화되고 있다
,글로벌 신약개발사의 진정한  의미블로버스터급  신약  승인미국내  직접  진출  성공를  되짚어  보았을   블록버스터로  성장이  기대되는  Xcopri와  동사의  중장기적인  방향성에  관심이  지속될  필요가  있다
,TV  광고  공격적인  마케팅  효과는  23년  하반기부터  점진적으로  반영 24년 Xcopri 매출 가속화가 기대되는 긍정적인 주가흐름을 전망한다
,기업분석제약바이오 Analyst 강하나 02 3779 8808 kangx687ebestseccokr       Buy maintain 목표주가 현재주가  컨센서스  대비   상회     부합  하회   Stock Data KOSPI922 시가총액 발행주식수 52주  최고가  최저가 90일  일평균거래대금 외국인  지분율 배당수익률2212E BPS2212E KOSPI 대비 상대수익률 주주구성   SK 외  6 인 국민연금공단  외  1인SK바이오팜우리사주  외  1인 Stock Price  pt  억원  천주    원8119  억원  원1개월  1026개월  개월     9월  23일 SK바이오팜             3Q22 Preview  meeting note    라틴아메리카  계약금  full  인식과  엑스코프리  우상향으로  적자폭  감소 2Q22 실적은 매출액 2242 yoy 547 qoq 영업이익 적자지속으로 컨센서스 영업이익 을 상회할 것이다
,국내 바이오 회사 최초로 미국 직판을 위해 선제적으로 투자를 했기 영업망을 다지는 시기가 지나면 비용의 안정화와 처방수의 J커브를 기대해볼 있다
,좋은  약은   팔릴      엑스코프리 연간 매출액은 환율효과와 꾸준한 처방수 증가로 가이던스 상단에서  추가  업사이드까지도  가능해  보인다
,영업활동은  4Q22부터  정상화될  것으로  보이며 바이든의  코로나  종식  선언으로  동사신규  진입의  대면  마케팅에  있어서  영업력  확대가 가능해질  것이다
,코로나19로  2년간  영업이   불가능했던  상황에서조차  완전발작소실율에서  독보적인  유효성을  보이고  있는  엑스코프리는  꾸준히  처방수  추이를  늘려가고  있다
,연말 처방수는  정도로 예상되며 내년엔 briviact 이상의 처방수현재 2만 중반월를  기록할  것이라  기대한다
,특허만료  직전까지  글로벌  MS  1위였던  vimpat이 peak 매출까지 7년이 걸렸다는 가정 하에 적응증 확대와 독보적인 약효를 자랑하는 엑스코프리는 6년안에 peak 매출을 달성할 있을 것이다
,투자의견  Buy  목표주가    유지   7월에는 세노바메이트의 라틴아메리카 라이선스 아웃으로 총 4개 대륙 진출이 완료되었으며 3Q22에 계약금 약  총 계약규모  이 인식되어 비용 증가에도 적자폭이 대폭 감소했다
,완제품 매출  대다수는 4Q22에 인식될 것이며 연말 약가 인상 45  30이 예정되어 있다
,전세계적으로 바이오회사들의 밸류가 낮아지고 있는 상황에서 동사에게 영업레버리지가 되어줄 있는 기업의약품 도입은 1H23으로 예상되며 투자의견 Buy 목표주가 을 유지한다
,기업분석제약바이오 Analyst 강하나 02 3779 8808 kangx687ebestseccokr       Buy maintain 목표주가 현재주가  컨센서스  대비   상회     부합  하회   Stock Data KOSPI922 시가총액 발행주식수 52주  최고가  최저가 90일  일평균거래대금 외국인  지분율 배당수익률2212E BPS2212E KOSPI 대비 상대수익률 주주구성   SK 외  6 인 국민연금공단  외  1인SK바이오팜우리사주  외  1인 Stock Price  pt  억원  천주    원8119  억원  원1개월  1026개월  개월     9월  23일 SK바이오팜             3Q22 Preview  meeting note    라틴아메리카  계약금  full  인식과  엑스코프리  우상향으로  적자폭  감소 2Q22 실적은 매출액 2242 yoy 547 qoq 영업이익 적자지속으로 컨센서스 영업이익 을 상회할 것이다
,국내 바이오 회사 최초로 미국 직판을 위해 선제적으로 투자를 했기 영업망을 다지는 시기가 지나면 비용의 안정화와 처방수의 J커브를 기대해볼 있다
,좋은  약은   팔릴      엑스코프리 연간 매출액은 환율효과와 꾸준한 처방수 증가로 가이던스 상단에서  추가  업사이드까지도  가능해  보인다
,영업활동은  4Q22부터  정상화될  것으로  보이며 바이든의  코로나  종식  선언으로  동사신규  진입의  대면  마케팅에  있어서  영업력  확대가 가능해질  것이다
,코로나19로  2년간  영업이   불가능했던  상황에서조차  완전발작소실율에서  독보적인  유효성을  보이고  있는  엑스코프리는  꾸준히  처방수  추이를  늘려가고  있다
,연말 처방수는  정도로 예상되며 내년엔 briviact 이상의 처방수현재 2만 중반월를  기록할  것이라  기대한다
,특허만료  직전까지  글로벌  MS  1위였던  vimpat이 peak 매출까지 7년이 걸렸다는 가정 하에 적응증 확대와 독보적인 약효를 자랑하는 엑스코프리는 6년안에 peak 매출을 달성할 있을 것이다
,투자의견  Buy  목표주가    유지   7월에는 세노바메이트의 라틴아메리카 라이선스 아웃으로 총 4개 대륙 진출이 완료되었으며 3Q22에 계약금 약  총 계약규모  이 인식되어 비용 증가에도 적자폭이 대폭 감소했다
,완제품 매출  대다수는 4Q22에 인식될 것이며 연말 약가 인상 45  30이 예정되어 있다
,전세계적으로 바이오회사들의 밸류가 낮아지고 있는 상황에서 동사에게 영업레버리지가 되어줄 있는 기업의약품 도입은 1H23으로 예상되며 투자의견 Buy 목표주가 을 유지한다
,기업분석제약바이오 Analyst 강하나 02 3779 8808 kangx687ebestseccokr       Buy maintain 목표주가 현재주가  컨센서스  대비  2Q22  영업이익  기준   상회     부합  하회   Stock Data KOSPI811 시가총액 발행주식수 52주  최고가  최저가 90일  일평균거래대금 외국인  지분율 배당수익률2212E BPS2212E KOSPI 대비 상대수익률 주주구성   SK 외  6 인 국민연금공단  외  1인SK바이오팜우리사주  외  1인 Stock Price  pt  억원  천주    원9392  억원  원1개월  806개월 7812개월     8월  12일 SK바이오팜             판관비  up  공격적인  마케팅과  후기  임상  비용  판관비  up  임상비용  확대 2Q22 실적은 매출액 1229 yoy 299 qoq 영업이익 적자지속으로  컨센서스를  하회했다
,매출액은  1Q22와  비슷한  수준의  계약금마일스톤   로열티에 엑스코프리 US 매출이 2배 성장한 것이 반영됐다
,특히 유럽 출시와 이스라엘 파트너링 수익과 글로벌 확장 성장이 매출액 고성장을 이끌었다
,1카리스바메이트 임상비용이 1Q22에 덜 인식된 부분이 판관비에 반영되었고 2중국 락다운으로 인한 중국 임상 지연으로 로열티 인식이 덜 된 것이 영업이익 부진의 주요 원인이다
,엑스코프리  연간  가이던스  상단  달성  기대   엑스코프리 연간 가이던스완제 포함는 으로 유지되고 있다
,가이던스 상단은 무난히 달성 가능하며 공격적인 마케팅으로 연말에는 추가 업사이드가 예상된다
,영업활동은 4Q22부터 정상화될 것으로 보이는데 아직까지도 코로나19라는 상황 속에서 의사들이 기존 영업망이 있는 제약사들을 위주로 대면을 한다는 점이 동사신규 진입의 대면 마케팅에 가장 큰 리스크로 남아있다
,신규 고객 유치를 위해 1코로나19의 상황이  나아져야  한다는  점은  변함이  없으며  2환자를  대상으로  먼저  마케팅TV  광고  SNS하고 의사의 처방을 유도하는 방법을 대면 마케팅과 병행 중이다
,투자의견  Buy  목표주가    유지   7월에는 세노바메이트의 라틴아메리카 라이선스 아웃으로 총 4개 대륙 진출이 완료되었으며 3Q22에 계약금 약 총 계약규모 이 인식될 예정이다
,완제품 매출은 2H22에  인식될  것이기   3Q22에는  적자폭이  축소될  것이다
,매년  연말  약가  인상 45  3이 예정되어 있고 추가 파이프라인기술 라이선스 인으로 성장동력을 확대하고 있다는 점도 주목할 필요가 있다
,엑스코프리 처방 추이 J커브 확인과  라이선스  인전략적  투자를  앞두고  있는  2H22가  기대되므로  투자의견  Buy  목표주가 을 유지한다
,기업분석제약바이오 Analyst 강하나 02 3779 8808 kangx687ebestseccokr       Buy maintain 목표주가 현재주가  컨센서스  대비   상회     부합  하회   Stock Data KOSPI630 시가총액 발행주식수 52주  최고가  최저가 90일  일평균거래대금 외국인  지분율 배당수익률2212E BPS2212E KOSPI 대비 상대수익률 주주구성   SK 외  6 인 국민연금공단  외  1인SK바이오팜우리사주  외  1인 Stock Price  pt  억원  천주    원9533  억원  원1개월  226개월  1312개월     7월  1일 SK바이오팜             2Q22 Preview J커브를  기다려야   연말  2Q22 Preview 1분기와  비슷한  상황 2Q22 실적은 매출액 1283 yoy 333 qoq 영업이익 적자지속으로  컨센서스에  부합할  것이라  예상한다
,1Q22와  비슷한  수준의  계약금마일스톤  로열티에 엑스코프리 완제가 2H22에 인식되는 것을 고려하였으며 엑스코프리 처방 추이가 지속적으로 올라온 것이 반영되어 적자폭이 감소한 것으로 추정한다
,엑스코프리  연간  가이던스  상단  달성  기대   J커브 빔팻  특허  만료  이후  연말까지의  처방  그래프가  J커브를  보여주게  된다면  엑스코프리의 가치가  더욱  돋보일   있을  것이다
,엑스코프리  연간  가이던스완제  포함는 으로 유지되고 있으며 리오프닝이 일상 생활부터 정상화되고 업무 영역은 나중에 반영되는 것을 감안하면 영업활동은 3Q22부터 정상화될 것으로 기대한다
,참고로 연구개발비는 연간 계획 대비 절감되고 있으며 통상 4Q22에 판관비가 가장 많이 반영된다
,하반기  ROW LO와  Inorganic LI 최근 글로벌 헬스케어 기업들의 자금조달이 되지 있는 점과 자금이 부족한 바이오텍들의 매각 의사가 강해지고 있는 점은 동사의 Inorganic 라이선스 or MA 가능성을 높여주고 있는 상황이다
,라이선스 인은 최대한 시너지가 높은 파이프라인 위주로 스크리닝 중이며 2Q22말 기준 현금 2천억원 추가적인 투자 가능성을 열어둔 성장을 위한 만반의 준비를 마쳤다고 있다
,하반기에는 1라틴아메리카 엑스코프리 계약 성사 가능 2완제품 매출 인식 3중국 일본 임상 진전에 따른 인식 4엑스코프리 처방 J 커브를 확인해야 한다
,빔팻 특허 만료 이후 엑스코프리의 견조한 성장세를 확인하는  과정인  지금  오리지널간의  경쟁을  이기고  빔팻이  케프라를  장기간에  걸쳐서 MS 확대한 스토리를 기대한다
,투자의견  Buy  유지  목표주가  으로  하향 미국   유럽의  처방   추이를  반영하여  엑스코프리  영업가치를  소폭  하향하고 Inorganic  도입의  지연을  고려하여  목표주가를  에서  으로  하향하나 2H22 주요 모멘텀을 통해 기업가치 재조명이 가능할 것이라 판단하므로 투자의견 Buy를 유지한다
,Financial Data 십억원십억원십억원십억원     매출액 영업이익 세전계속사업손익 순이익 EPS 원 증감률   PER x PBR x EVEBITDA x 영업이익률   EBITDA  마진   ROE  부채비율   주 IFRS 연결 기준 자료 SK바이오팜 이베스트투자증권 리서치센터 9212 8794 na 320           26 239 240 247 3159 적지 na 349 563     2022E2022E    2022E2022E2023E2023E    2023E2023EEEEE    419 95 71 65 828 흑전 1174 171 684 227 255 158 449 266 102 98 96 362 10 15 14 1226 178 적전 na 169 619 385 349 243 392 적지 na 176  28 02 41 446 453 52 36 31 395 흑전 1894 161 938 114 134 89 427  기업분석   SK바이오팜 2Q22 Preview 표1  SK 바이오팜  2Q22 Preview   억원억원억원억원    매출액 조정조정조정조정     2222Q22EQ22EQ22EQ22E    2222Q21Q21Q21Q21    YoYYoYYoYYoY    1Q221Q22    1Q221Q22QoQQoQQoQQoQ    기존기존기존기존     추정치추정치추정치추정치     컨센서스컨센서스컨센서스컨센서스    548 240 1283 411 333 294 영업이익 적자지속 주 기존 추정치는 라틴아메리카 라이선스 계약을 2분기에 반영했었기 3분기 이후로 조정된 것임 자료 이베스트투자증권 리서치센터  적자지속 651 371 691 178 562 294 표2  SK 바이오팜  분기실적  추정   십억원십억원십억원십억원    매출액 yoy 엑스코프리제품   원료  등 수노시 계약금마일스톤   로열티 판관비   영업이익   yoy 자료 이베스트투자증권 리서치센터  1Q221Q22    1Q221Q    2Q22E2Q22E    2Q22E2Q22E548 3Q22E3Q22E    3Q22E3Q22E812 4Q22E4Q22E    4Q22E4Q22E885     260     4186 2022E2022E    2022E2022E        1283 2383 627 790 1510                         적적적적전전전전    406 14 128 767 294 적지 491 15 306 788 212 적지 558 18 309 832 145 적지 127 19 114 2635 2395 적자 892 35 3259 3014 953 흑전     58585858                적적적적전전전전    그림1    엑스코프리세노바메이트  미국  처방   추이   그림2    경쟁  신약  대비  출시   TRx  비교  1020  출시  신약   건 2005 2008 2011 2102 2105 2108 2111 2202 2205자료 Bloomberg 이베스트투자증권 리서치센터     엑스코프리ABC 자료 SK바이오팜 이베스트투자증권 리서치센터 엑스코프리의 처방 추이는 빔팻 특허 만료3월 17일이후 약간의 조정을 딛고 5월  6월  지속적으로  MS를  확대하고  있다
,오리지널간의  경쟁인  뇌전증  시장에서 라코사마이드  오리지널인빔팻의  처방  수가  급감하면서  라코사마이드  제제  내에서 제네릭과 오리지널이 MS를 경쟁하는 상황이며 세노바메이트의 입지에는 병용투여 가능성이 증가하는 것이므로 긍정적이다
,빔팻의 등장으로 케프라의 처방 수가 장기간에  걸쳐  감소한    스토리를  기대해  볼만  하며  수노시의  권리를  재즈파마로부터 사들인 액섬의 신약우울증 편두통 치료제 등라인업들의 NDA Labeling은 차후 수노시 영업 레버리지에 도움이 될 것이다
,특히 액섬이 최근 수노시를 ADHD 적응증 타겟확장으로 4Q22 임상 23상 진입을 예견한 것은 차후 수노시 매출과 SK바이오팜에게 붙임이 되어줄 있는 부분이다
,  5월  13일            기업분석제약바이오 Analyst 강하나 02 3779 8808 kangx687ebestseccokr Buy maintain 목표주가 현재주가  컨센서스  대비   상회     부합  하회   Stock Data KOSPI512 시가총액 발행주식수 52주  최고가    최저가 90일  일평균거래대금 외국인  지분율 배당수익률2212E BPS2212E KOSPI 대비 상대수익률   SK 외  6 인 국민연금공단  외  1인에스케이바이오팜우리사주  외  1인주주구성  Stock Price  pt  억원  천주    원  억원  원1개월 126개월  3712개월  SK바이오팜        1Q22 Review  예상  범위의  적전  하반기  변화에  집중  1Q22 Review  연간  가이던스  동일   매출인식이  덜  된  탓 동사는 1Q22 매출액 706 yoy 영업이익 적자전환으로 예상 범위 내의 적자전환을 기록하며 컨센서스를 하회했다
,당사 추정치 대비 매출액과 영업이익이 하회한 주요 이유로는 11분기가 의약품 매출에 있어서 가장 비수기영업일수 부족 오미크론 피크였으며 2원료의약품 유럽 반제품 판매 관련 매출이 연간 가장 적게 인식된 점 3중국과 일본 임상 진행속도가 느려짐에 러닝 로열티가 적게 인식된 점이라는 판단이다
,11분기가 약가인상과 현지 오미크론 정점에도 엑스코프리 처방수 추이의 견조한 성장세를 유지했다는 점과 2엑스코프리 출시 이후 3월말부터는 영업활동 정상화가 보이면서 영업환경 개선이 뚜렷히 보이고 있다는 점 33월 17일 빔팻라코사마이드 특허만료로 인해 25일부터 89개의 제네릭이 런칭되면서 동일 제제의 총 처방 추이는 변하지 빔팻의 MS만큼 제네릭이 가져가고 있다는 점은 엑스코프리의 하반기 처방 추이 기울기에 기대해볼 만하다는 것을 보여주고 있다
,뇌전증  시장  왕좌를  차지할   있느냐가  관건  빔팻  특허  만료   오리지널은  오리지널이랑  경쟁하고  제네릭은  제네릭끼리  경쟁한다
,빔팻의  제네릭이  나오면서 빔팻 제제라코사마이드의 총 처방 수가 커졌더라면 엑스코프리에게 굉장한 악재로 여겨질 있지만 빔팻 오리지널과 제네릭이 총 처방 내에서 MS를 배분하고 있는 양상이 보이고 있다
,양상을 통해 빔팻 제네릭 MS의 확대는 뇌전증 환자들의 보험 약가에 룸이 생기면서 엑스코프리를 추가적으로 처방뇌전증은 원래 병용투여를 독보적으로 많이 함 있게 된다는 이점까지 갖게 점에 주목해야 한다
,Financial Data      십억원십억원십억원십억원    매출액 영업이익 세전계속사업손익 순이익 EPS 원 증감률   PER x PBR x EVEBITDA x     26 239 240 247 3159 적지 na 349 563 영업이익률   EBITDA  마진   ROE  부채비율   주 IFRS 연결 기준 자료 SK바이오팜 이베스트투자증권 리서치센터 9212 8794 na 320      2022E2022E    2022E2022EEEEE    20242024EEEE     95 71 65 828 흑전 1174 171 684 227 255 158 449 285 64 60 58 741 적전 na 167 1149 225 191 140 356 362 10 5 4 55 흑전  165 3269 27 53 11 382 453 85 69 60 768  1067 143 663 188 208 143 346     기업분석   SK바이오팜 1Q22 Review 표1  SK 바이오팜  1Q22 Review   억원억원억원억원    매출액      1Q22P1Q22P    1Q22P1Q22P        영업이익 자료 이베스트투자증권 리서치센터  1Q211Q21    1Q211Q 759 YoYYoYYoYYoY    706 적전 4444Q21Q21Q21Q21    2307 1340 QoQQoQQoQQoQ    788 적전 추정치추정치추정치추정치    컨센서스컨센서스컨센서스컨센서스            503 249 표2  SK 바이오팜  분기실적  추정   십억원십억원십억원십억원    매출액 yoy 엑스코프리제품   원료  등 수노시 계약금마일스톤   로열티 판관비   영업이익   yoy 자료 이베스트투자증권 리서치센터  1Q22P1Q22P    1Q22P1Q22P    2Q22E2Q22E    2Q22E2Q22E691 3Q22E3Q22E    3Q22E3Q22E812 4Q22E4Q22E    4Q22E4Q22E861     260     4186 2022E2022E    2022E2022E        1879 2383 627 790 1510                         적적적적전전전전    407 13 285 787 178 적지 491 15 306 821 114 적지 588 18 259 852 65 적지 127 19 114 2635 2395 적자 892 35 3259 3014 953 흑전     56565656                적적적적전전전전    그림1    엑스코프리세노바메이트  미국  처방   추이   그림2    경쟁  신약  대비  출시   TRx  비교  1020  출시  신약   건자료 Bloomberg 이베스트투자증권 리서치센터  엑스코프리ABC 자료 Bloomberg 이베스트투자증권 리서치센터    경쟁약물 최근 시판 된 브리비액트UCB는 블록버스터가 되지 못했는데 이는 출시 12년 후부터 처방 추이 기울기가 꺾이면서 환자들의 선호도가 높아지지  않았기  때문이다
,세노바메이트는  시판  후부터  처방   상승세  기울기의 변함  없이  코로나19의  특이  상황  속에서도  linear한  기울기를  유지하며  꾸준한  성장세를 보이고 있다는 점에 주목해야한다
,빔팻 오리지널 제네릭의 처방 추이가 하반기에도 늘어나지 엑스코프리의 처방 확대를 더욱 기대해볼 하다
,  4월  13일            기업분석제약바이오 Analyst 강하나 02 3779 8808 kangx687ebestseccokr Buy maintain 목표주가 현재주가  컨센서스  대비   상회     부합  하회   Stock Data KOSPI412 시가총액 발행주식수 52주  최고가    최저가 90일  일평균거래대금 외국인  지분율 배당수익률2212E BPS2212E KOSPI 대비 상대수익률   SK 외  6 인 국민연금공단  외  1인에스케이바이오팜우리사주  외  1인주주구성  Stock Price  pt  억원  천주    원  억원  원1개월  336개월  7312개월  SK바이오팜        기다림의  끝에는  기쁨이  1Q22 Preview  적전은  예상  범위  내  처방   추이는  2분기부터  가시화 1Q22E 매출액은 641 yoy 788 qoq 영업이익 적자전환으로 예상된다
, 4분기에 중국합작법인 설립에 대한 계약금과 마일스톤 캐나다 LO 계약금이 대부분 반영되었기 때문에 나머지 은 23년에 걸쳐서 인식될 것이다
,은 연간 적자전환이 예상되지만 에는 세노바메이트의 글로벌 매출 확대와 추가 파이프라인 확보를 통한 흑자전환을 기대해볼 있다
,역사적으로 세노바메이트그리고 타 의약품의 TRx는 12월달이 비수기이기 3월 중순  빔팻  특허  만료  시점부터  처방   추이와   영업활동  지수의  회복을  확인할  있다
,3월달 영업활동 지표Contact Call는 천천히 회복 중이며 2분기의 처방 추이가 영업활동 지수와 가파르게 올라올 있을 것이라는 판단이다
,경쟁약물 최근 시판 된 브리비액트UCB는 블록버스터가 되지 못했는데 이는 출시 12년 후부터 처방 추이 기울기가 꺾이면서 환자들의 선호도가 높아지지 않았기 때문이다
,세노바메이트는 시판 후부터 처방 상승세 기울기의 변함 없이 코로나19의 특이 상황 속에서도 linear한 기울기를 유지하며 꾸준한 성장세를 보이고 있다
,추가 라이선스  아웃과  파이프라인  확보가  관건    리오프닝 동사는 세노바메이트의 계속되는 국가별 라이선스아웃으로 캐시카우를 확보하고 있으며 2분기부터 관련하여 추가적인 자금확보가 가능할 것이라는 기대다
,은 영국을 비롯한 1유럽 매출 증가와 2빔팻의 특허만료에 따른 처방 UP 3항암제 IND 4CNS계열 신약 임상 진전 확대에 따른 긍정적 요인을 기대해볼 있다고 말한 것에 대해서는 동일한 의견을 유지하며 CNS계열 후기 임상혹은 이미 시판된 파이프라인 확보는 리오프닝이 진행되면서 진전이 빨라질 있을 것이라는 판단이다
,SK바이오팜      기업  브리프제약바이오    3월  17일  Buymaintain 목표주가      억원    pt 현재주가 시가총액 KOSPI 316  컨센서스  대비 상회     부합  하회   Stock Data 90 일평균거래대금 외국인 지분율 절대수익률 YTD 상대수익률 YTD 배당수익률 22E  재무데이터  IFRS  연결기준   억원    124 79 72 nanana    26 239 247 na535 349 십십십십억원억원억원억원    매출액 영업이익 순이익 ROE  PER x PBR x 자료 SK바이오팜 이베스트투자증권 리서치센터  Stock Price E2E2E2E    21212121    295 419 29 95 11 84 197 24 854  6472 152 156 SK바이오팜KOSPI자 이제 시작이야 빔팻 특허만료    글로벌  뇌전증  시장  MS 1위의  특허만료  세노바메이트의  시대 뇌전증  치료제의  블록버스터라고  불리는  UCB사의  빔팻이  3월  17일  특허만료  되었다
,특허만료를 앞두고 판가 인상6를 진행한 바 있으며 동사의 뇌전증 신약 세노바메이트엑스코프리 동 기간대에 3 인상했다
,인해 미국에서의 뇌전증 치료제의  약가는  환자에게  큰  영향이  없을  것이라는  판단이며  빔팻의  특허  만료로  인한 약가  급감은  되려  영업인력들에게  최악의  상황낮은  인센티브으로  SK라이프사이언스SK바이오팜 미국 자회사로의 우수 영업인력 유입을 야기할 것이라는 기대다
,엑스코프리와  빔팻의  약효에는  큰  차이가  있기   제네릭의  등장으로  인한  약가인하는  엑스코프리의  처방   추이와  큰  상관관계가  없을  것이라는  판단이며  빔팻이병용투여여러 개의 뇌전증 치료제 동시투여가 필요한 약이라는 가정하에 엑스코프리의처방에  빔팻의  MS  특허만료   붙임이  되어줄   있을  것이다
,나아가  뇌전증질환의  특성상  여러  개의  뇌전증  약제를  병용  투여하는  것이  일반적인  점은빔팻오리지널에서  제네릭으로  처방이  전환될  시  보험비  정량으로  인한  신규약제엑스코프리  처방이  늘어날   있다
,동사의  2022  예상  엑스코프리  매출액가이던스는  1600 억원에서  1850 억원으로  미국  매출   일본  원료의약품  등이  소량포함된 금액이다
,높아지는  영업활동  지수  리오프닝으로  세노바메이트의  시작     대면영업이 상상 이상으로 중요한 미국 병원 영업의 경우 리오프닝의 시점과 위드코로나의  추이가  중요할    없다
,실제로  SK라이프사이언스  영업사원  활동지수일간 콜 대면 영업활동 지표를 살펴보면 미국에서 코로나19 방역 완화 움직임이 가속화된  12월부터 높아진 것을 있다기존대비 20 UP 처방 추이와 영업활동 지표의 상관관계가 굉장히 높기 영업이 정상화되고 대면이 가능해지면서 영업활동 지수가 올라가는 것을 기대해볼 있다
,영업활동의 리오프닝과 빔팻이 3월 17일 특허만료 됨에 제네릭인도의 오로빈도 파마 자이더스 카딜라 잠정허가의 등장으로 빔팻 자체의 처방 수는 지속적으로 떨어질 것이라는 판단이다
,뇌질환   만성질환  영업  특성상  대면영업과  영업인력의  specialty가  중요하기  카리스바메이트의  출시예상와 후기 임상 단계에 있는 CNS 계열 파이프라인 라이선스 인을 통한 중장기적 영업 극대화를 기대해볼 있다
,기업  브리프   SK바이오팜 빔팻  특허만료    리오프닝  대면  영업    엑스코프리  처방  극대화   UCB  블록버스터로  여겨지는  뇌전증  치료제  빔팻이  작년  미국  매출  12 억 7 천만달러 글로벌  매출  17 억 4 천만달러MS 약  45를  올렸으며  2022  특허만료를  앞두고  판가를 6  가량  인상한  바  있다
,인해  미국에서의  뇌전증  치료제의  약가는  환자에게  큰  영향이 없을  것이라는  판단이며  빔팻의  특허  만료로  인한  약가  급감은  되려  영업인력들에게  최악의 상황낮은  인센티브으로  SK 라이프사이언스SK 바이오팜  미국  자회사로의  우수  영업인력 유입을  야기할  것이라는  기대다
,실제로  SK 라이프사이언스  영업사원 활동지수일간  콜   대면  영업활동  지표를  살펴보면  미국에서  코로나 19  방역  완화 움직임이  가속화된  2021  12 월부터  높아진  것을    있다기존대비  20  UP  처방  추이와  영업활동  지표의  상관관계가  굉장히  높기   영업이  정상화되고  대면이 가능해지면서  영업활동  지수가  올라가는  것을  기대해볼   있다
,영업활동의  리오프닝과 빔팻이  3  17  특허만료  됨에   제네릭인도의  오로빈도  파마  자이더스  카딜라  잠정허가의  등장으로  빔팻  자체의  처방  수는  지속적으로  떨어질  것이라는  판단이다
,엑스코프리와  빔팻의  약효에는  큰  차이가  있기   제네릭의  등장으로  인한  약가  인하는 엑스코프리의  처방   추이와  큰  상관관계가  없을  것이라는  판단이며  빔팻이  병용투여여러 개의  뇌전증  치료제  동시투여가  필요한  약이라는  가정하에  엑스코프리의  처방에  빔팻의 MS  특허만료   붙임이  되어줄   있을  것이다
,나아가  뇌전증  질환의  특성상  여러 개의  뇌전증  약제를  병용  투여하는  것이  일반적인  점은  빔팻오리지널에서  제네릭으로 처방이  전환될  시  보험비  정량으로  인한  신규  약제엑스코프리  처방이  늘어날   있다
,동사의  2022  예상  엑스코프리  매출액  가이던스는  1600 억원에서  1850 억원으로  미국 매출   일본  원료의약품  등이  소량  포함된  금액이다
,그림1 엑스코프리  미국  처방   추이  소매   그림2 빔팻  미국  처방   추이  소매 건 건 0904 1010 1204 1310 1504 1610 1804 1910 2104 자료 Bloomberg 이베스트투자증권 리서치센터  자료 Bloomberg 이베스트투자증권 리서치센터    이베스트투자증권  리서치센터  2 기업이슈  브리프   SK바이오팜 투자투자투자투자의견의견의견의견    목표목표목표목표    가격가격가격가격                                  괴리율괴리율괴리율괴리율    최최최최고고고고         대대대대비비비비                   최최최최저저저저         대비대비대비대비                   평균평균평균평균         대비대비대비대비                   괴리율괴리율괴리율괴리율        최최최최고고고고         대대대대비비비비               최최최최저저저저         대비대비대비대비                           일시일시일시일시    평균평균평균평균         대비대비대비대비                                                                        투자의견  변동내역 일시일시일시일시    투자투자투자투자의견의견의견의견      신규   Buy                            목표목표목표목표    가격가격가격가격    강하나                  SKSKSKSK바이바이바이바이오팜오팜오팜오팜     목표주가  추이 주가목표주가원             다
,Analyst 강하나 02 3779 8808      2월  9일   4Q21 Review  어닝  서프라이즈  연간  흑자전환 4Q21 매출액은 1510 yoy 861 qoq 영업이익 흑자전환   kangx687ebestseccokr 어닝 서프라이즈를 기록하며  사상 최대 실적을 기록했다
,14분기 중국 합작Buy maintain  상회  부합  하회   Stock Data KOSPI28 시가총액 발행주식수  pt   억원   천주 52주  최고가  최저가     90일  일평균거래대금   억원 외국인  지분율 배당수익률2112E BPS2112E KOSPI 대비  상대수익률 60 00 5980  1개월  23 6개월  165 12개월  315   주주구성 SK 외  6 인 국민연금공단  외  1인 에스케이바이오팜우리사주  외  1인 640 50 20   Stock Price 법인 설립에 대한 계약금 100와 지분까지 총 이 인식되었으며 2캐나다 판권 기술이전계약으로 인한 지분 계약금 인식에 일본 계약금 분할인식까지 더해져 연간 흑자전환까지  달성했다
,엑스코프리의  미국매출과  원료의약품  매출은  으로  전분기 대비  64증가 전년동기대비 350 증가하며 엑스코프리의 성장세도 증명했다
, 엑스코프리 가이던스 상단 을 으로 도달하며 코로나19의 심각한 상황에서도 견조한 성장세와 빠른 처방수 증가로 효능 레퍼런스 빌드업을 확인했다
,단기성  매출인식 BUT  모든  면에서  월등  글로벌  제약사로의  도약 중국 JV 지분인식과 캐나다 기술이전계약이  연간 흑자전환을 리드했고 제품매출엑스코프리 외 증가가 뒷받침이 되어주었다
,미국 TRx 매출 급성장이 지속될 전망이며  12월 기준 TRx 을 돌파하며 엑스코프리의 견조한 성장세를 보여줬다
,이보다   눈에  뛰는  것은  동사의  포트폴리오  확대다
,카리스바메이트소아희귀뇌전증의 임상3상 진입을 통해 엑스코프리와의 마켓 시너지를 기대해 볼 있을 것이며 표적항암제뇌종양  임상  1상  진입을  통해  중추신경계에서  항암제  시장까지  사업범위를  확장하는 모습을 보여주고 있다
,추가적으로 동사는 20년동안 구축한 RD 데이터로 자체 AI플랫폼을 활용하여  신약개발  창출에  힘쓰고  있으며  바이오오케스트라비상장와  miRNA기반의  뇌전증 신약 공동개발에 착수했다
,글로벌 트렌드에 맞춰 중추신경계 분야의 리더쉽을 확보하고 신기술 도입을 통해 글로벌 제약사로의 성장이 기대된다
,Financial Data      2019 2020 2021P 2022E 2023E 십억원 매출액 영업이익 세전계속사업손익 순이익 EPS 원 증감률   PER x PBR x EVEBITDA x 영업이익률   EBITDA  마진   ROE  부채비율   124   79   84   72   na na na na 26   239   240   247   419   95   82   84   3159   1066   적전 na 349   295   29   11   11   141   적전 6088   147   3349   97   64   24   310   349   39   50   52   664   흑전 1291   132   1297   112   140   108   288   흑전 804   143   605   228   251   197   308   04   563   640   9212   587   8794   na    na 320   주 IFRS 연결 기준 자료 SK바이오팜 이베스트투자증권 리서치센터     기업분석   SK바이오팜  억원 매출액 영업이익 순이익   4Q21P 2307 1344 657 4Q20 161 535 581 YoY 1333 흑전 흑전 3Q21 240 499 443 QoQ 당사  추정치  컨센서스 861 흑전 흑전 614 59 50 414 330  자료 이베스트투자증권 리서치센터   십억원 매출액 yoy 엑스코프리 수노시 계약금마일스톤   로열티 판관비   영업이익   yoy 자료 이베스트투자증권 리서치센터 1Q21 1400 2Q21 240 3Q21 240 4Q21P 2307 2021P 4186 1Q22E 509 2022E 2952 3464 1061 515 1333 1510 175 294 116 05 1278 622 759 흑전 188 11 40 859 651 적지 199 10 35 717 499 적지 279 09 2019 806 1344 782 34 3370 3014 953 흑전 흑전 323 12 174 822 121 적전 2272 54 628 2952 286 적전   4분기  중국합작법인설립과  캐나다  기술이전  계약금이  전액  인식되며  매출액매출총이익이  대량  이입되었다
,이에  덧붙여  중국  합작법인의  지분의  큰  비중이  4분기에  인식되었으며  현금출자로  무상취득한  1억  5천만원에  대한  지분  대가는  외부투자자의 현금  투자  대가를  인식하며  지분법  내부거래 재고로 인해  이 반영되어 중국  딜  관련하여  분기  순이익  net  금액은  약    수준으로  추정된다
,아시아  임상이  일본  라이선스  계약시에  시작되었기   중국  합작법인설립에  대한  계약금과  지분가치가  큰  부분  에  인식된  것으로  판단되며    중국  시장  출시를  목표로   있다
,캐나다  엔도사로부터  라이선스  아웃한  계약금upfront  2천만불은  전액  인식되었는데 이는  캐나다  지역의  특성상  임상이  필요하지   상업허가만  받으면  되기  때문이다
,상업화시판  시에  마일스톤이  추가적으로  2천백만불이  인식될  예정이며    캐나다  시장  출시를  목표로   있다
,아직  인식이  되지  않은  부분에  대해서는  일본중국 딜의    정도가  23년간  분할인식  될  것으로  수노시와  아벨사로부터의  로열티는 별도로 추정될 예정이다
,이베스트투자증권  리서치센터  2 기업분석   SK바이오팜   은  1뇌전증  약제  MS  1위  빔팻의  3월  특허만료  2세노바메이트가  2년간  쌓은  약효  레퍼런스  by  환자와  의사  3세노바메이트  대면비대면  영업  강화와  긍정적 요인으로  인해  높아지는  성장률  4표적항암제와  miRNAwith  바이오오케스트라뇌전증  신약  파이프라인  강화  5후기  임상단계의  CNS중추신경계파이프라인  도입을  통한 세노바메이트와의 시너지 극대화에 따른 글로벌 제약사로의 도약이 기대되는 해이다
,특히  1빔팻  특허만료에   의사진들에게  샘플  처방을   등  특허만료에   확실한  방법으로  대응중이며  2세노바메이트의  2년간의  레퍼런스는  동사의  브랜드  밸류를 높여주는   ROW  계약시에 높은 계약금 마일스톤 유입까지 가능하게   있다
,3을  뒷받침   것은  2와  세노바메이트의  효능을  증명해주는  성장율이다
,제품매출엑스코프리 매출  APIDP 매출은  전분기  대비  64증가 전년동기  대비  350증가하며  견조한  성장세를  보여주고  있다
,Analyst 강하나 02 3779 8808      4Q21 Preview   1월  13일    4Q21  매출액은  2814  yoy  1558  qoq  영업이익  적자지kangx687ebestseccokr 속으로 컨센서스를 상회할 전망이다
,4분기 중국 합작법인 설립 캐나다 판권 기술이전Buy maintain  상회  부합  하회   Stock Data KOSPI112 시가총액 발행주식수  pt   억원   천주 52주  최고가최저가     90일  일평균거래대금   억원 외국인  지분율 배당수익률2112E BPS2112E KOSPI 대비  상대수익률 59 00 4508  1개월  113 6개월  185 12개월  348   주주구성 SK 외  6 인 국민연금공단  외  1인 에스케이바이오팜우리사주  외  1인 640 50 20   Stock Price 계약으로 인한 지분 계약금 인식에 일본 계약금 분할인식까지 더해져 3분기 대비 실적 상승폭이 커질 것으로 판단한다
,특히 도매상 재고조정에 3분기 엑스코프리 매출액이 둔화된 것을 감안하여도 3분기 대비 4분기 엑스코프리 매출성장률이 12분기 성장률 정도로 올라오며 오미크론의 여파에도 꾸준한 처방 증가를 보여주고 있다
, 엑스코프리  가이던스  을  달성하였고  중국  합작법인  설립과  캐나다  라이선스  계약으로 세노바메이트의 글로벌화를 성공적으로 마치며 제2의 엑스코프리 발굴에 나서는 모습이다
,단기성  매출인식으로  4분기  컨센서스  상회  전망 은  파이프라인에  집중  중국 합작법인설립을 통한 기술이전 계약금  달러와 이그니스합작법인 지분가치 에 대한 평가금액은  4분기부터  3년에 걸쳐 분할로  인식되었으며 일본 오노약품공업과 기술이전계약 체결 당시 아시아 임상이 시작되었던 것을 반영하여 4분기에 이후 반영될 금액 대비 큰 비중이 반영되었다
,또한 세노바메이트의 캐나다 엔도그룹과 기술이전계약을 통한 계약금 는 유의미한 비중을 반영했다
,엑스코프리의 처방 추이도 3분기 대비 상승하여 매출액 상승을 반영 유럽에서 뇌전증 시장의 대부분을 차지하는 영국에서의 세노바메이트 출시로 인한 유럽향 완제원료 공급액 43억원을 고려했고 은 영국을 비롯한 1유럽매출증가와 2빔팻의 특허만료에 따른 처방수 추이 3항암제 IND 4CNS계열 신약 임상진전 확대에 따른 긍정적 요인을 기대해볼 있다
,동사의  임상  진행능력과  희귀의약품 특성상  임상진행이  빨라질  것이라고  기대해볼   있다
,레녹스가스토  증후군은  희귀 난치성  뇌전증으로  발달장애와  행동장애를  동반하며  완치법이   치료  예후가  좋지 않아 초기 치료가 중요하고 unmet needs가 존재하는 질환이다
,미국에서 약 5만명 전세계적으로  약  100만명의  환자가  있으며  레녹스가스토  증후군  MS  1위인  에피디올렉스Jazz  Pharma의    연간  매출액은  7천억원으로  추정된다
,이를  바탕으로 카리스바메이트의  1  중추신경계  선두주자의  파이프라인  다각화   2  사이드  캐시카우로서의 역할을 카리스바메이트의 상업화가 기대되는 상황이다
,동사가 기존부터 보유하고 있던 파이프라인을 진전시키고 CNS계열 신약개발을 확보하는 것을   목표로  삼으면서 신성장동력에  박차를  가하고  있다
,1세노바메이트의 전신발작  적응증  확대    상반기  항암제뇌암  추정  IND신청이  예견되어  있으며   1월  miRNA기술을  접목시킨  뇌질환  치료제를  바이오오케스트라와  공동  개발 착수  4세노바메이트와 시너지 효과가  가능한 추가 CNS계열 last stage  약물 스크리닝 5세노바메이트 ROW 라이선스계약브라질 등가능성으로 인해 파이프라인 확장과 신기술 도입에 대한 의지를 확인시켜주고 있다
,이에 덧붙여 SK바이오팜이 상장 이전에  AI기반의  약물  설계  플랫폼을  개발한  것에  주목해야  하며  20여  년간 축적해온 CNS중추신경계특화 연구 데이터를 기반으로 차후 CNS계열 후보물질 발굴과 임상 진행이 수월할 것이라고 판단한다
,은  1뇌전증  약제  MS  1위  빔팻의  특허만료  2세노바메이트가  2년간  쌓은  약효  레퍼런스  by  환자와 의사  3세노바메이트 대면비대면  영업 강화와  긍정적 요인으로 인해 높아지는 성장률 4파이프라인 다각화와 임상 진전이 관건일 것이다
,Analyst 강하나 02 3779 8808      4Q21 Preview   1월  13일    4Q21  매출액은  2814  yoy  1558  qoq  영업이익  적자지kangx687ebestseccokr 속으로 컨센서스를 상회할 전망이다
,4분기 중국 합작법인 설립 캐나다 판권 기술이전Buy maintain  상회  부합  하회   Stock Data KOSPI112 시가총액 발행주식수  pt   억원   천주 52주  최고가최저가     90일  일평균거래대금   억원 외국인  지분율 배당수익률2112E BPS2112E KOSPI 대비  상대수익률 59 00 4508  1개월  113 6개월  185 12개월  348   주주구성 SK 외  6 인 국민연금공단  외  1인 에스케이바이오팜우리사주  외  1인 640 50 20   Stock Price 계약으로 인한 지분 계약금 인식에 일본 계약금 분할인식까지 더해져 3분기 대비 실적 상승폭이 커질 것으로 판단한다
,특히 도매상 재고조정에 3분기 엑스코프리 매출액이 둔화된 것을 감안하여도 3분기 대비 4분기 엑스코프리 매출성장률이 12분기 성장률 정도로 올라오며 오미크론의 여파에도 꾸준한 처방 증가를 보여주고 있다
, 엑스코프리  가이던스  을  달성하였고  중국  합작법인  설립과  캐나다  라이선스  계약으로 세노바메이트의 글로벌화를 성공적으로 마치며 제2의 엑스코프리 발굴에 나서는 모습이다
,단기성  매출인식으로  4분기  컨센서스  상회  전망 은  파이프라인에  집중  중국 합작법인설립을 통한 기술이전 계약금  달러와 이그니스합작법인 지분가치 에 대한 평가금액은  4분기부터  3년에 걸쳐 분할로  인식되었으며 일본 오노약품공업과 기술이전계약 체결 당시 아시아 임상이 시작되었던 것을 반영하여 4분기에 이후 반영될 금액 대비 큰 비중이 반영되었다
,또한 세노바메이트의 캐나다 엔도그룹과 기술이전계약을 통한 계약금 는 유의미한 비중을 반영했다
,엑스코프리의 처방 추이도 3분기 대비 상승하여 매출액 상승을 반영 유럽에서 뇌전증 시장의 대부분을 차지하는 영국에서의 세노바메이트 출시로 인한 유럽향 완제원료 공급액 43억원을 고려했고 은 영국을 비롯한 1유럽매출증가와 2빔팻의 특허만료에 따른 처방수 추이 3항암제 IND 4CNS계열 신약 임상진전 확대에 따른 긍정적 요인을 기대해볼 있다
,동사의  임상  진행능력과  희귀의약품 특성상  임상진행이  빨라질  것이라고  기대해볼   있다
,레녹스가스토  증후군은  희귀 난치성  뇌전증으로  발달장애와  행동장애를  동반하며  완치법이   치료  예후가  좋지 않아 초기 치료가 중요하고 unmet needs가 존재하는 질환이다
,미국에서 약 5만명 전세계적으로  약  100만명의  환자가  있으며  레녹스가스토  증후군  MS  1위인  에피디올렉스Jazz  Pharma의    연간  매출액은  7천억원으로  추정된다
,이를  바탕으로 카리스바메이트의  1  중추신경계  선두주자의  파이프라인  다각화   2  사이드  캐시카우로서의 역할을 카리스바메이트의 상업화가 기대되는 상황이다
,동사가 기존부터 보유하고 있던 파이프라인을 진전시키고 CNS계열 신약개발을 확보하는 것을   목표로  삼으면서 신성장동력에  박차를  가하고  있다
,1세노바메이트의 전신발작  적응증  확대    상반기  항암제뇌암  추정  IND신청이  예견되어  있으며   1월  miRNA기술을  접목시킨  뇌질환  치료제를  바이오오케스트라와  공동  개발 착수  4세노바메이트와 시너지 효과가  가능한 추가 CNS계열 last stage  약물 스크리닝 5세노바메이트 ROW 라이선스계약브라질 등가능성으로 인해 파이프라인 확장과 신기술 도입에 대한 의지를 확인시켜주고 있다
,이에 덧붙여 SK바이오팜이 상장 이전에  AI기반의  약물  설계  플랫폼을  개발한  것에  주목해야  하며  20여  년간 축적해온 CNS중추신경계특화 연구 데이터를 기반으로 차후 CNS계열 후보물질 발굴과 임상 진행이 수월할 것이라고 판단한다
,은  1뇌전증  약제  MS  1위  빔팻의  특허만료  2세노바메이트가  2년간  쌓은  약효  레퍼런스  by  환자와 의사  3세노바메이트 대면비대면  영업 강화와  긍정적 요인으로 인해 높아지는 성장률 4파이프라인 다각화와 임상 진전이 관건일 것이다
,BUYMaintain 목표주가  주가17    시가총액     실적  Preview  2022 1 10  SK바이오팜   캐쉬카우  엑스코프리  처방  관건  영역은  확장        제약바이오   Analyst  허혜민   02  hyeminkiwoomcom  Stock Data KOSPI 17 52  주가동향   최고최저가  대비 등락률 수익률           1M 6M 1Y  Company Data 발행주식수 일평균  거래량3M 외국인  지분율 배당수익률2021E BPS2021E 주요  주주  투자지표 십억  원 매출액 영업이익 EBITDA 세전이익 순이익  pt 최고가  408 절대 46 270 404      SK  외  5  최저가  34 상대 35 189 388  천주 182천주 60 00  640 2019 2020 2021F 2022F 1239 260 2236 1860 793 2395 800 1375 728 2286 649 1296 845 2399 162 1429 715 2474 167 1473 4분기  실적은  시장  기대치를  소폭  상회할  것으로  전망됩니다
,오미크론  여파로  영업활동  제한  예상되나  점진적인  처방  증가   유럽향  완제   원료  공급액이  반영되었을  것으로  추측됩니다
,상반기  항암제  파이프라인  도입  후기  CNS  후기  파이프라인  도입은  풍부한  파이프라인  확보   영업  효율  강화에 긍정적으로  작용할  것으로  전망된다
,컨센서스  소폭  상회  전망   4분기  매출액  YoY 122 QoQ 49  영업이익  YoY  적자지속으로  매출액과  영업이익은   시장  컨센서스를  4씩  소폭  상회  것으로  예상된다
,엑스코프리  4분기  매출액은  YoY  67  QoQ  28로  전망된다
,오미크론  여파로  큰  폭의  매출  상승  기대감은  낮으나  점진적으로  처방  증가하고  유럽향  완제   원료  공급액  약  43억원이  반영되었을  것으로  추측된다
,엑스코프리는  4분기  중국  진출   캐나다  지역  판권  기술이전  계약을  맺으며 진출  지역이  확대되고  있다
,중국계약금  과  캐나다계약금   계약  관련해서  계약금  일시분할  인식   아직    없으나  중국은  24년까지  캐나다는  23년초까지  분할  인식을  가정하였다
,다만  이는  향후  외감법에   변동될   있다
,22년은  엑스코프리  미국  침투  속도  주목   지배주주지분순이익 715 2474 167 1473 지난해에는  유럽  판매  허가  마일스톤    유입이  있었으나  22년은  예EPS원   증감률YoY  적지 PER배 PBR배 EVEBITDA배 영업이익률 ROE 순차입금비율 자료  키움증권   Price Trend          적지   적지   적지  3491 2136 3644                측  가능한  대규모  마일스톤  부재로  지난해보다  매출  감소가  예상된다
,이에   올해에는  자체  신약  뇌전증  치료제  엑스코프리의  매출  성장에  더욱  주목할 것으로  예상된다
,점차  위드  코로나가  진행됨에   대면과  비대면   다  필요한  하이브리드  영업  활동이  자리  잡으며  엑스코프리는  22년  YoY 90  성장할  것으로  전망된다
,투자의견  BUY  목표주가  13만원  하향 엑스코프리  점진적  성장을  반영하여  목표주가  기존  16만원에서  13만원으로  하향  투자의견  BUY  유지한다
,엑스코프리는  가이던스  매출액    상단  달성이  예상되고  레녹스가스토  증후군  치료제  카리스바메이크는  미국  3상 신청하였으며  바이오오케스트라와  miRNA  기반  뇌전증  치료제  공동  연구개발 체결하며  기본  저분자  신약  기반에서  RNA  기반으로  사업을  확장하고  있다
